{
  "desnutricao": {
    "mae_medio": 0.4087454970143071,
    "r2_medio": -0.33149910974783975
  },
  "magreza": {
    "mae_medio": 0.761251159547875,
    "r2_medio": -0.5646964778440826
  },
  "sobrepeso": {
    "mae_medio": 0.7182492460776178,
    "r2_medio": -0.6121030281338866
  },
  "eutrofia": {
    "mae_medio": 1.0040875044368032,
    "r2_medio": -0.6922770033480092
  },
  "obesidade": {
    "mae_medio": 0.6430512085640531,
    "r2_medio": -3.27600110345955
  }
}