{
  "desnutricao": {
    "mae_medio": 0.4091696942657664,
    "r2_medio": -0.3312261889886935
  },
  "magreza": {
    "mae_medio": 0.7606755360607983,
    "r2_medio": -0.5691531893035597
  },
  "sobrepeso": {
    "mae_medio": 0.7159932205994713,
    "r2_medio": -0.6051004353432237
  },
  "eutrofia": {
    "mae_medio": 1.005069062270866,
    "r2_medio": -0.7223018723339025
  },
  "obesidade": {
    "mae_medio": 0.6423889429871448,
    "r2_medio": -3.2498155140030485
  }
}